Id,Id2,Geography,Households 2014,Households 2014 MOE,Median Income 2014,Median Income 2014 MOE,Households 2012,Households 2012 MOE,Median Income 2012,Median Income 2012 MOE,Adjusted 2012 Median Income,Percent Change
1400000US04019000100,04019000100,"Census Tract 1, Pima County, Arizona",319,50,24861,17313,304,64,11625,7705,11986.619859404,1.0740626041
1400000US04019000200,04019000200,"Census Tract 2, Pima County, Arizona",1916,189,24856,7629,1860,190,32022,9431,33018.1110656202,-0.24720103
1400000US04019000300,04019000300,"Census Tract 3, Pima County, Arizona",680,86,30739,10363,686,99,25313,9114,26100.4136345026,0.177720799
1400000US04019000400,04019000400,"Census Tract 4, Pima County, Arizona",1719,97,18792,5702,1685,122,24635,5807,25401.3230310897,-0.2601960151
1400000US04019000500,04019000500,"Census Tract 5, Pima County, Arizona",1544,119,23188,4952,1439,134,16569,4195,17084.4132860615,0.3572605399
1400000US04019000600,04019000600,"Census Tract 6, Pima County, Arizona",2268,184,51667,6200,2123,166,50108,6763,51666.7137991411,5.53936640948138E-06
1400000US04019000700,04019000700,"Census Tract 7, Pima County, Arizona",2303,162,25805,2208,2300,150,27415,7921,28267.8007264998,-0.0871238888
1400000US04019000800,04019000800,"Census Tract 8, Pima County, Arizona",825,72,44250,9134,774,78,44000,13654,45368.7117259162,-0.0246582211
1400000US04019000900,04019000900,"Census Tract 9, Pima County, Arizona",1259,108,34492,7085,1351,88,28141,5626,29016.3844699774,0.1887077122
1400000US04019001000,04019001000,"Census Tract 10, Pima County, Arizona",397,38,39145,10980,392,46,35536,8296,36641.4213611854,0.0683264608
1400000US04019001100,04019001100,"Census Tract 11, Pima County, Arizona",964,45,26983,4556,924,63,25135,2351,25916.8765734296,0.0411362621
1400000US04019001200,04019001200,"Census Tract 12, Pima County, Arizona",1214,68,30441,4354,1144,74,32917,4801,33940.9519064087,-0.1031188493
1400000US04019001302,04019001302,"Census Tract 13.02, Pima County, Arizona",1177,96,13193,2511,1211,86,13814,1970,14243.7132677683,-0.0737668084
1400000US04019001303,04019001303,"Census Tract 13.03, Pima County, Arizona",1244,136,22955,6457,1293,140,18377,2343,18948.6548951628,0.211431636
1400000US04019001304,04019001304,"Census Tract 13.04, Pima County, Arizona",2244,178,14940,4348,2149,203,20953,3196,21604.7867452982,-0.3084865786
1400000US04019001400,04019001400,"Census Tract 14, Pima County, Arizona",2445,190,21599,4947,2078,195,21127,5171,21784.1993780325,-0.0085015462
1400000US04019001500,04019001500,"Census Tract 15, Pima County, Arizona",2151,176,27573,6165,2005,177,25277,3494,26063.2937794542,0.0579246136
1400000US04019001600,04019001600,"Census Tract 16, Pima County, Arizona",1795,116,50387,6158,1766,133,45833,7556,47258.7310121345,0.0661945194
1400000US04019001700,04019001700,"Census Tract 17, Pima County, Arizona",1386,110,41507,4626,1389,108,43750,6485,45110.9349547462,-0.0798904957
1400000US04019001801,04019001801,"Census Tract 18.01, Pima County, Arizona",2616,204,28874,3935,2658,198,25782,3818,26584.0028572175,0.0861419236
1400000US04019001802,04019001802,"Census Tract 18.02, Pima County, Arizona",1297,143,33947,4190,1330,170,30914,1782,31875.6444157948,0.0649823909
1400000US04019001900,04019001900,"Census Tract 19, Pima County, Arizona",1832,106,48258,12422,1796,118,45595,9037,47013.3275259806,0.0264748857
1400000US04019002000,04019002000,"Census Tract 20, Pima County, Arizona",2536,176,33380,4783,2648,139,34116,2918,35177.2493009399,-0.0510912404
1400000US04019002100,04019002100,"Census Tract 21, Pima County, Arizona",1832,104,28247,4908,1827,111,32363,2720,33369.718581496,-0.1535139881
1400000US04019002201,04019002201,"Census Tract 22.01, Pima County, Arizona",1052,120,32857,7436,1112,121,36413,11204,37545.7022744497,-0.1248798661
1400000US04019002202,04019002202,"Census Tract 22.02, Pima County, Arizona",1008,120,28084,7042,1080,96,30530,8089,31479.6992952777,-0.1078694959
1400000US04019002300,04019002300,"Census Tract 23, Pima County, Arizona",1829,167,23778,5739,1830,197,22432,2590,23129.7941235398,0.0280247145
1400000US04019002400,04019002400,"Census Tract 24, Pima County, Arizona",1830,118,24214,3035,1854,137,24563,2019,25327.0833209927,-0.0439483421
1400000US04019002501,04019002501,"Census Tract 25.01, Pima County, Arizona",1601,116,29292,7508,1441,125,29406,7068,30320.7349320975,-0.03392843
1400000US04019002503,04019002503,"Census Tract 25.03, Pima County, Arizona",1669,136,30878,3518,1561,152,31536,5901,32516.9930224657,-0.0504042001
1400000US04019002504,04019002504,"Census Tract 25.04, Pima County, Arizona",1821,179,28924,7105,1971,158,33011,3741,34037.8759723686,-0.1502407488
1400000US04019002505,04019002505,"Census Tract 25.05, Pima County, Arizona",2007,176,37488,7334,2097,161,32176,7311,33176.9015566609,0.1299427686
1400000US04019002506,04019002506,"Census Tract 25.06, Pima County, Arizona",2412,181,41061,7392,2479,128,41641,7614,42936.3301131563,-0.0436770005
1400000US04019002602,04019002602,"Census Tract 26.02, Pima County, Arizona",2061,197,30156,5769,2132,210,24958,5881,25734.3706194413,0.1718180501
1400000US04019002603,04019002603,"Census Tract 26.03, Pima County, Arizona",1282,111,18902,4357,1323,94,17843,3924,18398.0437119437,0.027391841
1400000US04019002604,04019002604,"Census Tract 26.04, Pima County, Arizona",1674,134,17375,3237,1594,156,20628,2536,21269.6769427772,-0.1831093605
1400000US04019002702,04019002702,"Census Tract 27.02, Pima County, Arizona",2653,145,36884,6847,2693,164,37088,6022,38241.6995566086,-0.0355031176
1400000US04019002703,04019002703,"Census Tract 27.03, Pima County, Arizona",1788,106,28698,5546,1685,129,31449,3447,32427.2867060986,-0.1150045867
1400000US04019002704,04019002704,"Census Tract 27.04, Pima County, Arizona",1040,93,34226,6557,1024,118,34045,7296,35104.0406979276,-0.0250125251
1400000US04019002801,04019002801,"Census Tract 28.01, Pima County, Arizona",788,114,25756,11649,818,137,19919,9280,20538.6220197392,0.2540276546
1400000US04019002802,04019002802,"Census Tract 28.02, Pima County, Arizona",1922,111,26083,2235,1848,108,29433,4248,30348.5748233839,-0.1405527228
1400000US04019002803,04019002803,"Census Tract 28.03, Pima County, Arizona",975,117,31160,3337,1006,87,29968,2471,30900.2171136876,0.0084071541
1400000US04019002901,04019002901,"Census Tract 29.01, Pima County, Arizona",2695,149,31934,7858,2506,170,30103,3022,31039.4165701194,0.0288208842
1400000US04019002904,04019002904,"Census Tract 29.04, Pima County, Arizona",1684,135,48088,10027,1769,162,43679,4093,45037.7263517339,0.0677270789
1400000US04019002905,04019002905,"Census Tract 29.05, Pima County, Arizona",2092,172,28317,6596,2200,160,31476,5878,32455.126597385,-0.1275030182
1400000US04019002906,04019002906,"Census Tract 29.06, Pima County, Arizona",1303,103,54364,7194,1366,120,54207,14734,55893.2217392441,-0.0273596993
1400000US04019003002,04019003002,"Census Tract 30.02, Pima County, Arizona",2055,128,38682,7990,2036,136,42643,9971,43969.4994120055,-0.1202538005
1400000US04019003003,04019003003,"Census Tract 30.03, Pima County, Arizona",2082,191,25047,4052,2074,191,23286,5547,24010.3595738565,0.0431747148
1400000US04019003004,04019003004,"Census Tract 30.04, Pima County, Arizona",806,69,58000,10072,886,70,51542,4350,53145.3213585721,0.0913472441
1400000US04019003101,04019003101,"Census Tract 31.01, Pima County, Arizona",2912,179,25319,2964,2907,138,25806,3405,26608.7494272498,-0.0484708772
1400000US04019003102,04019003102,"Census Tract 31.02, Pima County, Arizona",1916,100,32588,4257,1932,119,33286,5697,34321.4304206556,-0.0505057744
1400000US04019003200,04019003200,"Census Tract 32, Pima County, Arizona",2897,182,40795,11779,2902,168,35793,9324,36906.4158819481,0.1053633637
1400000US04019003302,04019003302,"Census Tract 33.02, Pima County, Arizona",1484,123,46265,3902,1623,90,49527,7499,51067.6405829421,-0.094044693
1400000US04019003303,04019003303,"Census Tract 33.03, Pima County, Arizona",1780,130,31622,8787,1863,142,25864,5648,26668.5536381613,0.1857410953
1400000US04019003304,04019003304,"Census Tract 33.04, Pima County, Arizona",1703,129,31531,9201,1654,132,35083,15215,36174.3298518254,-0.128359803
1400000US04019003400,04019003400,"Census Tract 34, Pima County, Arizona",2179,168,45290,7004,2280,131,51544,13778,53147.3835727415,-0.1478413996
1400000US04019003501,04019003501,"Census Tract 35.01, Pima County, Arizona",2935,182,22963,1746,2725,194,24606,3490,25371.4209256339,-0.0949265291
1400000US04019003502,04019003502,"Census Tract 35.02, Pima County, Arizona",1802,136,27472,11600,1862,119,35833,6495,36947.6601653353,-0.2564617116
1400000US04019003503,04019003503,"Census Tract 35.03, Pima County, Arizona",1563,115,28381,6257,1564,86,26687,3056,27517.1547688528,0.0313929706
1400000US04019003504,04019003504,"Census Tract 35.04, Pima County, Arizona",955,80,33565,6143,906,84,49070,6103,50596.4246452434,-0.3366132047
1400000US04019003600,04019003600,"Census Tract 36, Pima County, Arizona",1437,129,46766,2112,1217,150,45850,7493,47276.259832574,-0.0107931515
1400000US04019003702,04019003702,"Census Tract 37.02, Pima County, Arizona",2050,152,19957,4296,2113,159,21449,3968,22116.2158592995,-0.0976304388
1400000US04019003704,04019003704,"Census Tract 37.04, Pima County, Arizona",1476,83,28852,5707,1366,90,33162,8235,34193.5731421553,-0.1562157052
1400000US04019003705,04019003705,"Census Tract 37.05, Pima County, Arizona",1715,113,33609,4259,1659,135,37225,5119,38382.9612272098,-0.1243770953
1400000US04019003706,04019003706,"Census Tract 37.06, Pima County, Arizona",1874,123,23664,2470,1640,120,23347,5224,24073.2571060219,-0.0170004875
1400000US04019003707,04019003707,"Census Tract 37.07, Pima County, Arizona",933,80,31728,9014,920,93,24318,13223,25074.4620852461,0.2653511725
1400000US04019003801,04019003801,"Census Tract 38.01, Pima County, Arizona",1164,88,22240,2673,1083,99,22063,3344,22749.3156092929,-0.0223881728
1400000US04019003802,04019003802,"Census Tract 38.02, Pima County, Arizona",1681,78,29042,7020,1607,89,25774,4442,26575.7540005401,0.0928006031
1400000US04019003901,04019003901,"Census Tract 39.01, Pima County, Arizona",585,44,30027,7104,608,23,30407,6890,31352.8731238621,-0.042288728
1400000US04019003902,04019003902,"Census Tract 39.02, Pima County, Arizona",882,32,33581,2472,850,51,30703,4857,31658.0808209274,0.0607402322
1400000US04019003903,04019003903,"Census Tract 39.03, Pima County, Arizona",864,62,40750,7157,876,63,50187,4496,51748.1712588308,-0.212532559
1400000US04019004008,04019004008,"Census Tract 40.08, Pima County, Arizona",1836,107,45040,5639,1843,97,44608,5307,45995.6248334016,-0.020776429
1400000US04019004010,04019004010,"Census Tract 40.10, Pima County, Arizona",1327,109,43651,5244,1512,117,38853,5756,40061.6035610687,0.0895969237
1400000US04019004011,04019004011,"Census Tract 40.11, Pima County, Arizona",2951,244,41312,8273,2967,217,42732,6724,44061.2679425421,-0.0623964782
1400000US04019004022,04019004022,"Census Tract 40.22, Pima County, Arizona",2617,131,61635,2682,2669,134,60218,4656,62091.206425255,-0.0073473597
1400000US04019004025,04019004025,"Census Tract 40.25, Pima County, Arizona",2601,140,74908,10471,2586,152,79846,6144,82329.7762833524,-0.0901469264
1400000US04019004026,04019004026,"Census Tract 40.26, Pima County, Arizona",2236,98,65119,8004,2264,91,73563,7562,75851.3304703085,-0.1414916575
1400000US04019004029,04019004029,"Census Tract 40.29, Pima County, Arizona",1542,101,43649,3699,1503,122,44533,4320,45918.2918020506,-0.0494202139
1400000US04019004030,04019004030,"Census Tract 40.30, Pima County, Arizona",652,53,96429,4352,733,27,106417,16605,109727.322630382,-0.1211942688
1400000US04019004031,04019004031,"Census Tract 40.31, Pima County, Arizona",2081,155,55031,6775,2202,187,53393,5222,55053.9005723146,-0.0004159664
1400000US04019004032,04019004032,"Census Tract 40.32, Pima County, Arizona",1742,108,44054,7606,1732,108,47794,4105,49280.7320051918,-0.1060603565
1400000US04019004033,04019004033,"Census Tract 40.33, Pima County, Arizona",1621,101,35058,5816,1574,110,40106,9817,41353.5807381726,-0.1522378625
1400000US04019004034,04019004034,"Census Tract 40.34, Pima County, Arizona",1354,78,40212,5355,1353,71,39296,5840,40518.3839995819,-0.0075616046
1400000US04019004035,04019004035,"Census Tract 40.35, Pima County, Arizona",1763,117,36325,4196,1739,118,39941,4001,41183.4480692004,-0.1179708911
1400000US04019004036,04019004036,"Census Tract 40.36, Pima County, Arizona",1051,99,39777,8168,1093,77,51453,9231,53053.5528280356,-0.2502481383
1400000US04019004037,04019004037,"Census Tract 40.37, Pima County, Arizona",1224,74,32135,11624,1221,75,45927,7503,47355.6550780944,-0.3214115622
1400000US04019004038,04019004038,"Census Tract 40.38, Pima County, Arizona",1038,61,45816,5298,1040,62,47750,5503,49235.3632934659,-0.0694493361
1400000US04019004039,04019004039,"Census Tract 40.39, Pima County, Arizona",1664,125,28056,7653,1602,131,31775,3670,32763.4276157042,-0.1436793388
1400000US04019004042,04019004042,"Census Tract 40.42, Pima County, Arizona",2058,133,60528,5718,2303,98,60119,8214,61989.1268238717,-0.0235706954
1400000US04019004043,04019004043,"Census Tract 40.43, Pima County, Arizona",1600,60,69148,8219,1640,59,71269,8693,73485.9708180527,-0.0590312786
1400000US04019004044,04019004044,"Census Tract 40.44, Pima County, Arizona",1591,70,73950,17551,1612,68,87813,23319,90544.6064269972,-0.1832754825
1400000US04019004046,04019004046,"Census Tract 40.46, Pima County, Arizona",2086,142,47663,5235,2146,143,40326,10615,41580.4242968022,0.1462845992
1400000US04019004047,04019004047,"Census Tract 40.47, Pima County, Arizona",1189,77,77228,10825,1276,65,75536,11813,77885.7047483819,-0.0084444861
1400000US04019004048,04019004048,"Census Tract 40.48, Pima County, Arizona",1938,103,59309,9372,1979,93,63948,6328,65937.2358511111,-0.1005234109
1400000US04019004049,04019004049,"Census Tract 40.49, Pima County, Arizona",1146,72,44000,16759,1176,89,41429,6742,42717.7354112041,0.0300171481
1400000US04019004050,04019004050,"Census Tract 40.50, Pima County, Arizona",713,46,107652,7519,727,52,100438,19030,103562.333371081,0.0394899043
1400000US04019004051,04019004051,"Census Tract 40.51, Pima County, Arizona",1909,121,89787,14945,2061,102,83036,14902,85619.0078834813,0.0486806869
1400000US04019004052,04019004052,"Census Tract 40.52, Pima County, Arizona",838,67,94167,13775,795,41,95104,7228,98062.4081813985,-0.0397237663
1400000US04019004053,04019004053,"Census Tract 40.53, Pima County, Arizona",1271,83,74638,11583,1272,66,71316,15161,73534.4328510327,0.0150074884
1400000US04019004054,04019004054,"Census Tract 40.54, Pima County, Arizona",626,43,81694,8958,613,46,82292,15756,84851.8642124794,-0.0372162031
1400000US04019004055,04019004055,"Census Tract 40.55, Pima County, Arizona",1422,83,68400,11958,1467,85,66575,9548,68645.9541625652,-0.0035829375
1400000US04019004056,04019004056,"Census Tract 40.56, Pima County, Arizona",812,77,57292,10377,845,47,78125,12944,80555.2409906182,-0.2887861883
1400000US04019004057,04019004057,"Census Tract 40.57, Pima County, Arizona",1776,86,58200,9804,1795,102,59628,7733,61482.8532452939,-0.0533946145
1400000US04019004058,04019004058,"Census Tract 40.58, Pima County, Arizona",1859,99,55991,8161,1849,101,57051,6385,58825.6902880737,-0.0481879647
1400000US04019004061,04019004061,"Census Tract 40.61, Pima County, Arizona",1617,129,80240,14639,1641,174,75195,7327,77534.0972325061,0.0348995199
1400000US04019004062,04019004062,"Census Tract 40.62, Pima County, Arizona",1687,107,83422,10057,1716,100,74888,8777,77217.5473575093,0.0803502941
1400000US04019004063,04019004063,"Census Tract 40.63, Pima County, Arizona",1866,108,72849,10600,1718,147,75857,19334,78216.6901225642,-0.0686258919
1400000US04019004064,04019004064,"Census Tract 40.64, Pima County, Arizona",2777,198,87071,10308,2500,161,102083,5620,105258.50452538,-0.1727889315
1400000US04019004065,04019004065,"Census Tract 40.65, Pima County, Arizona",1221,74,97460,17780,1217,137,84052,14878,86666.6126815161,0.124539162
1400000US04019004066,04019004066,"Census Tract 40.66, Pima County, Arizona",1024,52,76667,14572,1033,66,79306,14594,81772.9784576252,-0.0624409011
1400000US04019004067,04019004067,"Census Tract 40.67, Pima County, Arizona",1644,128,30676,7006,1725,119,36278,9588,37406.5028180179,-0.1799286838
1400000US04019004068,04019004068,"Census Tract 40.68, Pima County, Arizona",2265,157,49069,13791,2160,161,45771,8242,47194.8023728843,0.0397119499
1400000US04019004069,04019004069,"Census Tract 40.69, Pima County, Arizona",1733,132,37083,7875,1791,141,39985,5583,41228.8167809263,-0.1005562882
1400000US04019004070,04019004070,"Census Tract 40.70, Pima County, Arizona",1431,107,37712,6529,1369,127,37382,7436,38544.8450395045,-0.0216071705
1400000US04019004071,04019004071,"Census Tract 40.71, Pima County, Arizona",2787,141,28086,3251,2704,118,27795,2687,28659.6214186782,-0.0200149685
1400000US04019004072,04019004072,"Census Tract 40.72, Pima County, Arizona",1072,68,50913,6059,1076,69,50042,9561,51598.6607315522,-0.0132883436
1400000US04019004073,04019004073,"Census Tract 40.73, Pima County, Arizona",1592,60,95455,16301,1597,78,88454,16466,91205.546068277,0.0465920562
1400000US04019004074,04019004074,"Census Tract 40.74, Pima County, Arizona",682,38,66481,11169,631,64,68397,6127,70524.631270852,-0.0573364397
1400000US04019004107,04019004107,"Census Tract 41.07, Pima County, Arizona",3155,208,84410,7499,2905,162,77986,8092,80411.9171058477,0.0497200295
1400000US04019004109,04019004109,"Census Tract 41.09, Pima County, Arizona",1992,108,65284,10344,1870,155,63032,10851,64992.7417615443,0.0044813964
1400000US04019004110,04019004110,"Census Tract 41.10, Pima County, Arizona",1001,76,53460,4538,983,57,51201,8025,52793.7138426962,0.0126205586
1400000US04019004112,04019004112,"Census Tract 41.12, Pima County, Arizona",847,66,39798,9386,904,66,45882,8399,47309.2552592838,-0.158769256
1400000US04019004113,04019004113,"Census Tract 41.13, Pima County, Arizona",0,13,-,**,0,13,-,**,#VALUE!,#VALUE!
1400000US04019004114,04019004114,"Census Tract 41.14, Pima County, Arizona",1343,129,29923,4655,1206,143,30750,5626,31706.5428539073,-0.0562515712
1400000US04019004115,04019004115,"Census Tract 41.15, Pima County, Arizona",2127,177,27664,2581,2077,176,24127,2359,24877.5206320723,0.1120079211
1400000US04019004116,04019004116,"Census Tract 41.16, Pima County, Arizona",803,66,34726,7114,801,94,33550,7532,34593.6426910111,0.0038260587
1400000US04019004117,04019004117,"Census Tract 41.17, Pima County, Arizona",1824,118,34000,5921,1835,136,34852,5211,35936.1441152643,-0.0538773472
1400000US04019004118,04019004118,"Census Tract 41.18, Pima County, Arizona",1393,210,52434,16973,1436,133,59022,15116,60858.0023519778,-0.1384206189
1400000US04019004119,04019004119,"Census Tract 41.19, Pima County, Arizona",2979,216,67986,8022,2620,203,71024,6264,73233.3495823062,-0.0716524591
1400000US04019004120,04019004120,"Census Tract 41.20, Pima County, Arizona",366,33,75375,21841,301,72,81107,15043,83630.0023171337,-0.0987086224
1400000US04019004121,04019004121,"Census Tract 41.21, Pima County, Arizona",1993,132,59890,9844,1756,169,62361,7839,64300.8689077241,-0.0685973453
1400000US04019004122,04019004122,"Census Tract 41.22, Pima County, Arizona",1204,93,33874,6428,1083,101,34842,8121,35925.8330444175,-0.0571130262
1400000US04019004125,04019004125,"Census Tract 41.25, Pima County, Arizona",2106,228,60417,14382,2097,212,55827,8203,57563.6152164255,0.0495692422
1400000US04019004307,04019004307,"Census Tract 43.07, Pima County, Arizona",1983,120,37115,4238,2079,157,35450,2302,36552.7461519029,0.0153819865
1400000US04019004310,04019004310,"Census Tract 43.10, Pima County, Arizona",703,70,43917,9206,656,65,47635,7482,49116.7859787277,-0.1058657621
1400000US04019004311,04019004311,"Census Tract 43.11, Pima County, Arizona",1491,83,56694,10484,1464,74,58257,4144,60069.2054321977,-0.0561886146
1400000US04019004312,04019004312,"Census Tract 43.12, Pima County, Arizona",1914,124,32604,7278,1954,112,36667,9363,37807.6034739584,-0.1376337825
1400000US04019004313,04019004313,"Census Tract 43.13, Pima County, Arizona",1675,153,36213,5704,1546,168,38205,8729,39393.4461701961,-0.0807354136
1400000US04019004316,04019004316,"Census Tract 43.16, Pima County, Arizona",1278,132,41023,10238,1268,118,47366,6149,48839.4181729488,-0.1600432287
1400000US04019004317,04019004317,"Census Tract 43.17, Pima County, Arizona",1791,140,34513,4749,1748,178,32431,5452,33439.8338632543,0.0320924482
1400000US04019004320,04019004320,"Census Tract 43.20, Pima County, Arizona",896,97,35000,10157,829,90,31635,10081,32619.0726238491,0.0729918782
1400000US04019004321,04019004321,"Census Tract 43.21, Pima County, Arizona",1311,84,48125,3295,1299,86,47091,5961,48555.8637246618,-0.0088735673
1400000US04019004322,04019004322,"Census Tract 43.22, Pima County, Arizona",2032,113,48108,4206,1943,112,44409,6417,45790.4345235503,0.0506124369
1400000US04019004323,04019004323,"Census Tract 43.23, Pima County, Arizona",1030,105,65906,10134,1065,129,63655,16573,65635.1214752999,0.0041270362
1400000US04019004324,04019004324,"Census Tract 43.24, Pima County, Arizona",1713,147,50323,5836,1630,185,48163,5928,49661.2105194387,0.0133260844
1400000US04019004325,04019004325,"Census Tract 43.25, Pima County, Arizona",981,86,74196,6862,902,105,75345,4929,77688.7632952081,-0.0449584103
1400000US04019004326,04019004326,"Census Tract 43.26, Pima County, Arizona",1146,107,65240,6609,1281,106,61052,5769,62951.1497338781,0.0363591495
1400000US04019004327,04019004327,"Census Tract 43.27, Pima County, Arizona",1720,194,51447,6389,1772,212,56250,13821,57999.7735132451,-0.1129792949
1400000US04019004328,04019004328,"Census Tract 43.28, Pima County, Arizona",2118,240,48627,7850,2207,232,39929,7038,41171.0747841843,0.1810962005
1400000US04019004329,04019004329,"Census Tract 43.29, Pima County, Arizona",3305,199,69262,12021,3077,224,77135,11611,79534.4449767851,-0.1291571844
1400000US04019004330,04019004330,"Census Tract 43.30, Pima County, Arizona",1044,111,48587,14616,1072,133,54306,13924,55995.3013406274,-0.1323021961
1400000US04019004331,04019004331,"Census Tract 43.31, Pima County, Arizona",2025,161,42469,9137,1972,174,40511,8869,41771.179107468,0.0167057983
1400000US04019004332,04019004332,"Census Tract 43.32, Pima County, Arizona",744,78,52313,6457,672,117,53676,19536,55345.703877279,-0.0547956511
1400000US04019004333,04019004333,"Census Tract 43.33, Pima County, Arizona",1318,114,59485,10144,1246,92,62065,9797,63995.6612106588,-0.0704838598
1400000US04019004334,04019004334,"Census Tract 43.34, Pima County, Arizona",2562,212,54626,4596,2391,226,52125,4743,53746.4567889405,0.0163646734
1400000US04019004404,04019004404,"Census Tract 44.04, Pima County, Arizona",1807,169,40901,2398,1838,180,42414,8371,43733.3758896138,-0.0647646296
1400000US04019004407,04019004407,"Census Tract 44.07, Pima County, Arizona",2112,152,38298,4254,1867,175,39172,4000,40390.5267210816,-0.051807364
1400000US04019004411,04019004411,"Census Tract 44.11, Pima County, Arizona",3063,155,36976,7230,3090,242,29828,9199,30755.8621218325,0.2022423515
1400000US04019004412,04019004412,"Census Tract 44.12, Pima County, Arizona",1347,122,61767,13035,1403,115,65154,7043,67180.7509952351,-0.0805848538
1400000US04019004413,04019004413,"Census Tract 44.13, Pima County, Arizona",1245,82,65972,14209,1284,67,73393,7070,75676.0422659129,-0.1282313659
1400000US04019004414,04019004414,"Census Tract 44.14, Pima County, Arizona",1176,78,52941,9216,1273,67,54886,8141,56593.3434497417,-0.0645366262
1400000US04019004415,04019004415,"Census Tract 44.15, Pima County, Arizona",704,63,54583,5597,705,69,53210,6132,54865.2079758182,-0.00514366
1400000US04019004418,04019004418,"Census Tract 44.18, Pima County, Arizona",1306,101,86061,9662,1325,98,91042,15650,93874.0512034287,-0.083229083
1400000US04019004419,04019004419,"Census Tract 44.19, Pima County, Arizona",2046,171,50417,11473,2058,186,50417,6779,51985.3258883072,-0.0301686267
1400000US04019004421,04019004421,"Census Tract 44.21, Pima County, Arizona",2692,179,50793,8039,2660,182,47113,8929,48578.5480805248,0.0455849754
1400000US04019004422,04019004422,"Census Tract 44.22, Pima County, Arizona",2428,191,72883,12319,2352,209,62421,11047,64362.7353328049,0.1323788466
1400000US04019004423,04019004423,"Census Tract 44.23, Pima County, Arizona",1668,141,49167,3632,1688,174,53043,8713,54693.0130926766,-0.1010369109
1400000US04019004424,04019004424,"Census Tract 44.24, Pima County, Arizona",1328,181,44779,6065,1307,165,53186,8362,54840.4614057859,-0.1834678474
1400000US04019004425,04019004425,"Census Tract 44.25, Pima County, Arizona",2220,230,55347,14029,2102,189,51790,14777,53401.0359155727,0.0364405681
1400000US04019004426,04019004426,"Census Tract 44.26, Pima County, Arizona",1010,90,76055,3978,1058,108,72745,9606,75007.8848750403,0.0139600674
1400000US04019004427,04019004427,"Census Tract 44.27, Pima County, Arizona",3202,162,69351,6596,3194,192,69521,4775,71683.5956340322,-0.0325401595
1400000US04019004428,04019004428,"Census Tract 44.28, Pima County, Arizona",1325,116,112596,12989,1365,96,118967,24403,122667.716543115,-0.0821056821
1400000US04019004429,04019004429,"Census Tract 44.29, Pima County, Arizona",2632,148,77614,7371,2603,167,75444,8534,77790.8428965914,-0.0022733125
1400000US04019004430,04019004430,"Census Tract 44.30, Pima County, Arizona",739,76,52649,5812,673,86,46650,13142,48101.145500318,0.0945477379
1400000US04019004431,04019004431,"Census Tract 44.31, Pima County, Arizona",1218,128,68875,12061,1041,139,65274,9224,67304.4838453967,0.0233344952
1400000US04019004504,04019004504,"Census Tract 45.04, Pima County, Arizona",2836,239,28310,4626,2842,249,22263,7572,22955.5370262289,0.2332536576
1400000US04019004505,04019004505,"Census Tract 45.05, Pima County, Arizona",1491,134,27066,4731,1597,130,23705,2475,24442.3934423373,0.1073383654
1400000US04019004506,04019004506,"Census Tract 45.06, Pima County, Arizona",1819,145,34105,3254,1877,151,33697,3927,34745.215432459,-0.0184260027
1400000US04019004508,04019004508,"Census Tract 45.08, Pima County, Arizona",2184,184,32281,6595,2350,160,33625,9494,34670.9757223621,-0.068933039
1400000US04019004510,04019004510,"Census Tract 45.10, Pima County, Arizona",1494,177,19697,5013,1687,216,19819,3653,20435.5113112712,-0.0361386265
1400000US04019004511,04019004511,"Census Tract 45.11, Pima County, Arizona",1928,139,34565,5814,1950,144,33259,3395,34293.5905293692,0.0079142915
1400000US04019004512,04019004512,"Census Tract 45.12, Pima County, Arizona",1741,151,33397,3200,1661,167,32067,5917,33064.5108844308,0.01005577
1400000US04019004513,04019004513,"Census Tract 45.13, Pima County, Arizona",1361,148,30230,8190,1307,150,24801,4493,25572.4868071465,0.1821298503
1400000US04019004610,04019004610,"Census Tract 46.10, Pima County, Arizona",2136,143,53950,6564,2094,109,57436,10793,59222.6665156755,-0.0890312245
1400000US04019004613,04019004613,"Census Tract 46.13, Pima County, Arizona",1455,97,40230,8185,1541,97,41896,8535,43199.2624197497,-0.0687340999
1400000US04019004614,04019004614,"Census Tract 46.14, Pima County, Arizona",1285,89,58250,11967,1343,78,68438,5845,70566.9066613239,-0.17454225
1400000US04019004615,04019004615,"Census Tract 46.15, Pima County, Arizona",1133,88,62240,18928,1218,70,75500,18606,77848.5848933335,-0.2004992758
1400000US04019004616,04019004616,"Census Tract 46.16, Pima County, Arizona",1574,117,52406,9866,1474,108,56161,10193,57908.0049827086,-0.0950128568
1400000US04019004617,04019004617,"Census Tract 46.17, Pima County, Arizona",1427,88,41994,4083,1454,98,40844,4050,42114.5377666664,-0.0028621415
1400000US04019004618,04019004618,"Census Tract 46.18, Pima County, Arizona",1453,93,55481,8003,1395,116,54402,8090,56094.2876207566,-0.0109331564
1400000US04019004619,04019004619,"Census Tract 46.19, Pima County, Arizona",1547,105,72825,6805,1578,84,68323,8551,70448.3293465857,0.0337363664
1400000US04019004620,04019004620,"Census Tract 46.20, Pima County, Arizona",831,51,40625,8954,796,49,37778,8339,38953.1634450378,0.0429191472
1400000US04019004621,04019004621,"Census Tract 46.21, Pima County, Arizona",1098,104,48000,13402,1082,100,56445,6423,58200.8393947577,-0.1752696267
1400000US04019004622,04019004622,"Census Tract 46.22, Pima County, Arizona",1291,87,48875,9555,1367,64,55052,17277,56764.5072257986,-0.1389866241
1400000US04019004623,04019004623,"Census Tract 46.23, Pima County, Arizona",2118,163,68491,10688,2202,130,62190,8375,64124.5495962438,0.0680932721
1400000US04019004624,04019004624,"Census Tract 46.24, Pima County, Arizona",2244,112,60449,9201,2264,96,64792,7540,66807.4902305809,-0.0951763075
1400000US04019004625,04019004625,"Census Tract 46.25, Pima County, Arizona",894,54,44274,6435,837,80,51332,11481,52928.7888707893,-0.1635176065
1400000US04019004626,04019004626,"Census Tract 46.26, Pima County, Arizona",1680,133,31815,3890,1716,119,32031,6869,33027.3910293823,-0.0367086528
1400000US04019004627,04019004627,"Census Tract 46.27, Pima County, Arizona",1067,72,60547,15914,1003,93,52254,9677,53879.4696028642,0.1237489984
1400000US04019004628,04019004628,"Census Tract 46.28, Pima County, Arizona",539,35,74821,18652,528,29,62262,18240,64198.7893063408,0.1654581155
1400000US04019004630,04019004630,"Census Tract 46.30, Pima County, Arizona",854,64,43646,8137,720,97,49925,8046,51478.0212026447,-0.1521430121
1400000US04019004631,04019004631,"Census Tract 46.31, Pima County, Arizona",1331,91,64146,4125,1342,82,68988,7133,71134.0155578979,-0.0982373272
1400000US04019004632,04019004632,"Census Tract 46.32, Pima County, Arizona",979,41,75262,8153,953,46,72716,8181,74977.9827695846,0.0037880084
1400000US04019004633,04019004633,"Census Tract 46.33, Pima County, Arizona",1149,77,82591,6293,1155,76,80307,5488,82805.1166493898,-0.0025857901
1400000US04019004634,04019004634,"Census Tract 46.34, Pima County, Arizona",364,72,79063,7899,369,65,75529,12635,77878.4869987892,0.0152097588
1400000US04019004635,04019004635,"Census Tract 46.35, Pima County, Arizona",2062,148,88571,19890,1957,138,81845,11236,84390.9593456275,0.0495318537
1400000US04019004636,04019004636,"Census Tract 46.36, Pima County, Arizona",2462,122,90282,11777,2378,131,98199,7482,101253.684608483,-0.1083583738
1400000US04019004638,04019004638,"Census Tract 46.38, Pima County, Arizona",3788,273,82683,8637,3200,247,79129,9935,81590.4725036368,0.0133903808
1400000US04019004639,04019004639,"Census Tract 46.39, Pima County, Arizona",1210,81,90405,8655,1211,121,87382,7133,90100.1992735002,0.0033829085
1400000US04019004640,04019004640,"Census Tract 46.40, Pima County, Arizona",1736,129,107794,15484,1624,143,85161,7956,87810.1104384261,0.227580736
1400000US04019004641,04019004641,"Census Tract 46.41, Pima County, Arizona",1403,94,89688,20796,1357,104,100625,33942,103755.150395916,-0.1355802612
1400000US04019004642,04019004642,"Census Tract 46.42, Pima County, Arizona",1477,105,70929,14275,1433,131,65670,23517,67712.8022509299,0.0474976318
1400000US04019004643,04019004643,"Census Tract 46.43, Pima County, Arizona",2257,176,66979,12090,2295,136,54854,9239,56560.348023032,0.1842041703
1400000US04019004644,04019004644,"Census Tract 46.44, Pima County, Arizona",837,82,60188,8719,856,110,62179,10866,64113.2074183123,-0.0612230705
1400000US04019004645,04019004645,"Census Tract 46.45, Pima County, Arizona",1717,150,69699,10132,1581,139,68044,6164,70160.65046996,-0.0065799058
1400000US04019004646,04019004646,"Census Tract 46.46, Pima County, Arizona",1637,76,58942,13705,1531,93,55104,8779,56818.1247942019,0.0373802411
1400000US04019004647,04019004647,"Census Tract 46.47, Pima County, Arizona",1458,74,62074,7470,1380,98,65986,4759,68038.6320896888,-0.0876653734
1400000US04019004710,04019004710,"Census Tract 47.10, Pima County, Arizona",2061,203,44956,5655,2303,241,41138,6592,42417.6832495623,0.0598410039
1400000US04019004711,04019004711,"Census Tract 47.11, Pima County, Arizona",2158,167,84013,5817,2215,165,81887,4777,84434.2658431841,-0.0049892758
1400000US04019004712,04019004712,"Census Tract 47.12, Pima County, Arizona",1602,108,85054,17115,1657,95,82660,12105,85231.3116196416,-0.0020803577
1400000US04019004713,04019004713,"Census Tract 47.13, Pima County, Arizona",1624,118,82500,17789,1710,106,75521,15357,77870.2381421117,0.0594548311
1400000US04019004714,04019004714,"Census Tract 47.14, Pima County, Arizona",2357,173,90382,15204,2449,153,76823,16488,79212.739566365,0.1410033348
1400000US04019004715,04019004715,"Census Tract 47.15, Pima County, Arizona",1631,138,45954,4036,1792,148,49075,7585,50601.5801806667,-0.0918465424
1400000US04019004716,04019004716,"Census Tract 47.16, Pima County, Arizona",2678,177,62273,4924,2490,180,57804,6914,59602.1139228377,0.0448119354
1400000US04019004717,04019004717,"Census Tract 47.17, Pima County, Arizona",1017,91,87708,29877,1004,90,97000,18906,100017.387213952,-0.1230724733
1400000US04019004718,04019004718,"Census Tract 47.18, Pima County, Arizona",968,126,71530,19513,1103,95,62356,18941,64295.7133723007,0.1125158467
1400000US04019004719,04019004719,"Census Tract 47.19, Pima County, Arizona",2574,237,85769,10169,2620,199,88158,12508,90900.3383712118,-0.056450157
1400000US04019004720,04019004720,"Census Tract 47.20, Pima County, Arizona",680,43,86500,32696,668,55,90603,10905,93421.3951932542,-0.0740879022
1400000US04019004721,04019004721,"Census Tract 47.21, Pima County, Arizona",1889,99,50046,10046,1810,100,59671,13182,61527.1908499351,-0.1866035275
1400000US04019004722,04019004722,"Census Tract 47.22, Pima County, Arizona",1185,84,69044,15975,1232,103,75119,23551,77455.7330940704,-0.1086005226
1400000US04019004723,04019004723,"Census Tract 47.23, Pima County, Arizona",2248,174,72756,9610,2355,191,74813,12780,77140.2143261584,-0.056834355
1400000US04019004724,04019004724,"Census Tract 47.24, Pima County, Arizona",1030,98,109000,19078,1073,100,120438,16932,124184.475064679,-0.1222735375
1400000US04019004725,04019004725,"Census Tract 47.25, Pima County, Arizona",1521,139,32192,9146,1502,151,37993,3994,39174.8514682439,-0.1782483202
1400000US04019004726,04019004726,"Census Tract 47.26, Pima County, Arizona",1824,106,105690,11544,1795,118,96058,14413,99046.0843401831,0.067079034
1400000US04019005200,04019005200,"Census Tract 52, Pima County, Arizona",1683,164,29967,9928,1593,159,30125,15474,31062.1009259824,-0.0352552111
1400000US04019005300,04019005300,"Census Tract 53, Pima County, Arizona",1264,93,91293,18379,1150,80,84554,15366,87184.2284380254,0.0471274637
1400000US04019940600,04019940600,"Census Tract 9406, Pima County, Arizona",319,44,25850,9465,302,65,25122,12603,25903.4721813288,-0.0020642862
1400000US04019940700,04019940700,"Census Tract 9407, Pima County, Arizona",393,63,14602,7263,360,87,8958,11035,9236.6572645627,0.5808749401
1400000US04019940800,04019940800,"Census Tract 9408, Pima County, Arizona",1055,119,27472,5604,1093,132,31960,4739,32954.18242637,-0.1663577131
1400000US04019940900,04019940900,"Census Tract 9409, Pima County, Arizona",613,61,31674,3039,617,70,26939,3972,27776.9937541922,0.1402961847
1400000US04019941000,04019941000,"Census Tract 9410, Pima County, Arizona",842,70,27031,3213,842,54,28846,4108,29743.3149646768,-0.0911907421
